City_ID,City,Lat,Lng,Max Temp,Humidity,Cloudiness,Wind Speed,Country,Date
0,west island,-12.1568,96.8225,300.14,78,40,4.63,CC,1711757244
1,kingston,17.997,-76.7936,301.68,71,20,2.06,JM,1711757140
2,okakarara,-20.5833,17.4333,292.77,71,54,2.31,NA,1711757246
3,tindouf,27.6711,-8.1474,286.47,65,1,7.86,DZ,1711757247
4,dunedin,-45.8742,170.5036,286.37,77,69,1.34,NZ,1711757248
5,archidona,37.0965,-4.3887,281.15,93,83,3.03,ES,1711757249
6,severo-yeniseyskiy,60.3725,93.0408,266.25,87,99,5.81,RU,1711757249
7,ilulissat,69.2167,-51.1,259.16,85,21,1.03,GL,1711757191
8,nuuk,64.1835,-51.7216,269.49,68,10,3.09,GL,1711757251
9,sayat,38.7839,63.8803,277.08,36,99,3.79,TM,1711757252
10,hammerfest,70.6634,23.6821,269.4,80,100,2.57,NO,1711757253
11,port-aux-francais,-49.35,70.2167,281.39,97,100,11.61,TF,1711757254
12,nabire,-3.3667,135.4833,302.17,71,88,0.42,ID,1711757087
13,invercargill,-46.4,168.35,286.49,84,94,1.79,NZ,1711757255
14,xinpu,34.5997,119.1594,288.0,83,23,2.33,CN,1711757256
15,yuzhno-kurilsk,44.0306,145.8556,279.47,79,78,7.32,RU,1711757257
16,punta arenas,-53.15,-70.9167,275.99,86,46,8.44,CL,1711757257
17,bredy,52.4153,60.3411,267.4,87,39,4.01,RU,1711757258
18,cidreira,-30.1811,-50.2056,293.09,89,67,4.41,BR,1711757259
19,yellowknife,62.456,-114.3525,266.44,53,20,3.6,CA,1711757008
20,adi keyh,14.8444,39.3772,290.07,64,80,0.86,ER,1711757260
21,whitehorse,60.7161,-135.0538,279.16,39,81,2.24,CA,1711757261
22,yorkton,51.2167,-102.4677,272.06,74,100,6.17,CA,1711756996
23,mount pearl,47.5166,-52.7813,282.29,93,100,3.24,CA,1711757262
24,albany,42.6001,-73.9662,276.99,61,39,2.68,US,1711756586
25,papatowai,-46.5619,169.4708,286.72,68,85,2.92,NZ,1711757264
26,puerto natales,-51.7236,-72.4875,277.44,72,69,7.91,CL,1711757190
27,selibaby,15.159,-12.1829,304.18,20,97,6.58,MR,1711757265
28,edinburgh of the seven seas,-37.0676,-12.3116,289.08,67,61,7.55,SH,1711757266
29,iqaluit,63.7506,-68.5145,263.54,78,100,2.68,CA,1711757267
30,hadibu,12.65,54.0333,298.92,68,66,3.79,YE,1711757268
31,codrington,-38.2667,141.9667,292.77,48,5,3.19,AU,1711757268
32,grytviken,-54.2811,-36.5092,277.01,67,100,5.72,GS,1711757269
33,adamstown,-25.066,-130.1015,296.67,71,100,12.31,PN,1711757270
34,port elizabeth,-33.918,25.5701,292.65,96,73,1.34,ZA,1711757270
35,usogorsk,63.4106,48.6872,274.08,99,100,2.1,RU,1711757271
36,georgetown,5.4112,100.3354,298.11,94,40,0.0,MY,1711757272
37,olonets,60.9847,32.9698,276.13,99,100,2.63,RU,1711757273
38,bredasdorp,-34.5322,20.0403,290.53,84,90,4.12,ZA,1711757274
39,tahe,52.3333,124.7333,262.43,86,100,5.63,CN,1711757275
40,talnakh,69.4865,88.3972,261.88,94,100,7.36,RU,1711757127
41,ujae,8.9322,165.7642,300.76,76,99,10.03,MH,1711757276
42,college,64.8569,-147.8028,279.15,38,75,3.09,US,1711757277
43,badger,64.8,-147.5333,279.1,37,20,3.09,US,1711757278
44,rio grande,-32.035,-52.0986,297.21,83,11,5.29,BR,1711757105
45,shevchenkove,49.6959,37.1735,283.58,82,100,6.72,UA,1711757279
46,tafuna,-14.3358,-170.72,302.82,75,97,4.25,AS,1711757280
47,northam,51.0333,-4.2167,279.05,92,2,5.49,GB,1711757280
48,hamilton,39.1834,-84.5333,291.06,43,0,2.06,US,1711757053
49,buka,40.8108,69.1986,282.25,70,100,1.48,UZ,1711757282
50,ushuaia,-54.8,-68.3,274.96,75,40,6.69,AR,1711757173
51,la manga del mar menor,37.6413,-0.7165,288.15,53,0,3.09,ES,1711757283
52,axum,14.1245,38.7244,290.89,29,79,1.4,ET,1711757284
53,bilibino,68.0546,166.4372,260.8,85,97,1.28,RU,1711757070
54,steinbach,50.1667,8.5667,282.03,95,0,2.06,DE,1711757285
55,ribeira grande,38.5167,-28.7,289.14,85,99,7.6,PT,1711757286
56,olonkinbyen,70.9221,-8.7187,268.12,65,100,7.88,SJ,1711757287
57,queenstown,-31.8976,26.8753,287.52,84,99,2.18,ZA,1711757287
58,saint-philippe,-21.3585,55.7679,297.92,82,97,1.31,RE,1711757288
59,noumea,-22.2763,166.4572,300.14,99,3,5.35,NC,1711757125
60,manta,-0.95,-80.7333,300.03,78,0,4.47,EC,1711757170
61,waimanalo,21.35,-157.7208,302.1,65,75,6.69,US,1711757290
62,broome,42.2506,-75.833,276.87,68,100,4.63,US,1711757291
63,labytnangi,66.6572,66.4183,260.25,96,100,1.99,RU,1711757006
64,pizarro,4.9533,-77.366,299.82,83,59,1.34,CO,1711757292
65,mossendjo,-2.9506,12.7261,295.17,99,100,0.61,CG,1711757293
66,margaret river,-33.95,115.0667,291.51,80,66,1.89,AU,1711757293
67,kudahuvadhoo,2.6708,72.8944,301.86,73,96,3.18,MV,1711757294
68,stanley,54.868,-1.6985,279.1,93,40,0.51,GB,1711757295
69,akune,32.0167,130.2,290.56,69,47,2.48,JP,1711757296
70,ellsworth,44.5434,-68.4195,276.2,95,100,6.17,US,1711757011
71,forster,-32.1667,152.5167,298.92,69,53,1.1,AU,1711757298
72,al jawf,29.5,38.75,288.15,73,83,3.8,SA,1711757298
73,waitangi,-43.9535,-176.5597,286.38,84,96,2.68,NZ,1711757299
74,mount isa,-20.7333,139.5,300.02,83,100,4.12,AU,1711757274
75,tarinkot,32.6268,65.8733,285.27,69,5,2.31,AF,1711757301
76,hirosaki,40.5931,140.4725,282.09,70,46,7.03,JP,1711757302
77,chonchi,-42.6128,-73.8092,283.71,95,33,1.21,CL,1711757303
78,lysyye gory,51.5506,44.8414,279.71,91,98,5.13,RU,1711757303
79,new norfolk,-42.7826,147.0587,290.88,66,88,0.79,AU,1711757304
80,tateyama,34.9833,139.8667,290.91,62,0,9.6,JP,1711757165
81,bethel,41.3712,-73.414,279.56,52,0,5.14,US,1711757306
82,coquimbo,-29.9533,-71.3436,290.0,88,75,3.09,CL,1711757157
83,santa marta de ortigueira,43.6833,-7.85,282.65,73,46,2.32,ES,1711757307
84,tura,25.5198,90.2201,293.52,79,90,2.0,IN,1711757308
85,saipan,15.1355,145.701,304.54,62,20,7.2,MP,1711757158
86,taro,-8.3862,115.28,297.15,88,62,0.83,ID,1711757309
87,isafjordur,66.0755,-23.124,271.57,89,99,12.68,IS,1711757310
88,kupang,-10.1667,123.5833,302.47,94,40,2.06,ID,1711757311
89,arrifes,37.7667,-25.7,287.29,77,40,7.2,PT,1711757311
90,antonio enes,-16.2325,39.9086,297.58,79,58,3.67,MZ,1711757312
91,iskateley,67.6803,53.1512,255.94,95,95,5.36,RU,1711757313
92,tofol,5.3248,163.0078,303.03,79,75,7.2,FM,1711757313
93,ulladulla,-35.35,150.4667,295.63,60,0,1.58,AU,1711757314
94,kismayo,-0.3582,42.5454,301.48,72,51,5.36,SO,1711757128
95,newman,37.3138,-121.0208,286.64,84,100,5.36,US,1711757316
96,khandyga,62.6667,135.6,256.53,94,98,1.75,RU,1711757316
97,markaz-e hukumat-e darweshan,31.1323,64.1934,285.14,54,14,6.33,AF,1711757317
98,strelka,58.0728,93.0344,273.73,99,100,2.78,RU,1711757318
99,thinadhoo,0.5333,72.9333,301.7,75,99,3.32,MV,1711757099
100,visakhapatnam,17.69,83.2093,299.29,68,0,3.9,IN,1711757262
101,pionerskiy,54.9508,20.2275,285.06,74,100,8.92,RU,1711757320
102,charters towers,-20.1,146.2667,299.19,56,25,7.69,AU,1711757321
103,belyy yar,53.6039,91.3903,273.09,86,0,0.0,RU,1711757321
104,hami,42.8,93.45,286.99,31,30,3.54,CN,1711757322
105,kasempa,-13.4584,25.8338,291.67,81,92,1.58,ZM,1711757324
106,east london,-33.0153,27.9116,294.15,69,99,4.4,ZA,1711757111
107,puerto deseado,-47.7503,-65.8938,284.4,31,52,12.87,AR,1711757291
108,portland,45.5234,-122.6762,291.11,41,75,3.6,US,1711757077
109,touros,-5.1989,-35.4608,300.63,84,53,3.27,BR,1711756862
110,lihue,21.9789,-159.3672,299.73,71,75,7.2,US,1711757328
111,gaiman,-43.2897,-65.4929,290.54,21,21,12.8,AR,1711757329
112,alpena,45.0617,-83.4327,274.88,80,0,3.6,US,1711757330
113,rocha,-34.4833,-54.3333,292.5,94,45,1.75,UY,1711757052
114,nova sintra,14.8667,-24.7167,292.02,74,44,8.54,CV,1711757331
115,zdvinsk,54.7021,78.661,273.46,99,100,2.59,RU,1711757332
116,moree,-29.4667,149.85,298.64,57,3,2.8,AU,1711757333
117,utrik,11.2278,169.8474,300.05,77,100,7.55,MH,1711757333
118,blackmans bay,-43.0167,147.3167,290.22,78,99,0.43,AU,1711757334
119,port saint john's,-31.6229,29.5448,293.4,83,100,0.61,ZA,1711757334
120,smithers,54.7804,-127.1743,281.33,21,0,1.54,CA,1711757146
121,soio,-6.1349,12.3689,299.99,84,100,1.61,AO,1711757336
122,remire-montjoly,4.9167,-52.2667,297.17,100,100,1.54,GF,1711757337
123,thompson,55.7435,-97.8558,268.92,89,100,2.06,CA,1711757338
124,puerto ayora,-0.7393,-90.3518,299.57,92,69,4.92,EC,1711757339
125,kill devil hills,36.0307,-75.676,288.16,52,0,2.57,US,1711757223
126,mili,6.0815,171.735,301.49,79,100,8.73,MH,1711757340
127,as sulayyil,20.4607,45.5779,295.29,32,79,3.57,SA,1711757341
128,port alfred,-33.5906,26.891,290.47,96,95,6.32,ZA,1711757342
129,tual,-5.6667,132.75,300.75,78,100,3.4,ID,1711757113
130,rackeve,47.161,18.9448,287.69,73,83,4.38,HU,1711757343
131,angaur state,6.906,134.13,301.31,80,58,7.45,PW,1711757344
132,bilbays,30.4204,31.5622,291.61,92,0,2.64,EG,1711757345
133,mingguang,32.7802,117.9638,291.7,79,100,2.47,CN,1711757346
134,kourou,5.1552,-52.6478,297.18,93,100,3.26,GF,1711757346
135,aur,8.1499,171.1687,301.05,81,100,8.15,MH,1711757291
136,geidam,12.897,11.9304,304.61,11,52,4.45,NG,1711757348
137,karratha,-20.7377,116.8463,303.91,28,0,7.34,AU,1711757349
138,frankfort,-27.2667,28.4833,286.24,97,1,3.02,ZA,1711757350
139,turkestan,43.3333,68.25,278.15,71,30,3.3,KZ,1711757350
140,vilyeyka,54.4896,26.9062,278.78,83,46,3.07,BY,1711757351
141,gualeguay,-33.1416,-59.3097,293.17,74,0,2.48,AR,1711757274
142,oranjemund,-28.55,16.4333,288.89,93,2,1.4,NA,1711757352
143,harper,4.375,-7.7169,300.51,89,98,2.5,LR,1711757353
144,fort bragg,35.139,-79.006,291.47,33,0,3.6,US,1711757105
145,isla del bosque,22.7333,-105.85,297.27,56,1,4.19,MX,1711757355
146,kirensk,57.7853,108.1119,255.91,95,24,1.34,RU,1711757356
147,avarua,-21.2078,-159.775,304.18,74,40,5.14,CK,1711757169
148,vorgashor,67.5833,63.95,262.26,96,100,3.73,RU,1711757357
149,uturoa,-16.7333,-151.4333,302.05,75,81,8.51,PF,1711757358
150,hermanus,-34.4187,19.2345,292.48,82,100,5.54,ZA,1711757359
151,udachny,66.4167,112.4,252.54,91,90,3.78,RU,1711757359
152,norcasia,5.5778,-74.8852,296.59,87,47,1.66,CO,1711757360
153,nuku'alofa,-21.1333,-175.2,298.4,89,100,9.63,TO,1711757361
154,la ronge,55.1001,-105.2842,269.27,86,100,1.54,CA,1711757361
155,lusaka,-15.4067,28.2871,292.56,68,95,2.04,ZM,1711756684
156,aktau,43.65,51.2,276.47,55,51,4.99,KZ,1711757362
157,timimoun,29.2639,0.231,294.36,16,3,2.57,DZ,1711757104
158,tazacorte,28.629,-17.9293,291.69,91,75,1.54,ES,1711757364
159,ancud,-41.8697,-73.8203,283.84,81,50,3.04,CL,1711757365
160,cookeville,36.1628,-85.5016,289.6,58,0,0.0,US,1711757146
161,tarauaca,-8.1614,-70.7656,300.75,70,98,0.63,BR,1711757320
162,fale old settlement,-9.3852,-171.2468,302.64,75,93,3.95,TK,1711757367
163,ponta delgada,37.7333,-25.6667,288.55,77,40,7.2,PT,1711757368
164,castro de rei,42.7167,-7.5667,277.24,98,76,1.31,ES,1711757369
165,tiksi,71.6872,128.8694,247.0,96,93,4.37,RU,1711757370
166,turaif,31.6725,38.6637,287.29,82,40,2.06,SA,1711757370
167,mount gambier,-37.8333,140.7667,294.34,40,1,2.16,AU,1711757371
168,pandan,14.0453,124.1694,300.01,72,50,3.83,PH,1711757372
169,jayapura,-2.5333,140.7,302.81,74,96,1.21,ID,1711757373
170,auki,-8.7676,160.7034,300.51,84,98,2.58,SB,1711757374
171,kitaibaraki,36.7833,140.75,289.96,84,0,0.45,JP,1711757080
172,prince rupert,54.3161,-130.3201,282.93,46,17,1.73,CA,1711757375
173,mersing,2.4312,103.8405,299.63,86,95,1.43,MY,1711757376
174,ust-nera,64.5667,143.2,268.49,91,100,2.17,RU,1711757377
175,gelnhausen,50.2,9.1833,283.14,94,100,0.89,DE,1711757377
176,greymouth,-42.4667,171.2,290.37,50,0,3.12,NZ,1711757344
177,celestun,20.8667,-90.4,297.92,57,0,8.32,MX,1711757379
178,ola,59.5833,151.2833,269.26,77,100,1.56,RU,1711757380
179,kavieng,-2.5744,150.7967,300.57,83,100,5.21,PG,1711757380
180,soledade,-28.8183,-52.5103,288.15,91,80,1.78,BR,1711756899
181,wynyard,-41.0,145.7167,292.22,55,55,2.49,AU,1711757382
182,nemuro,43.3236,145.575,276.89,89,60,8.4,JP,1711757383
183,sitka,57.0531,-135.33,281.09,66,100,6.17,US,1711757384
184,polyarnyy,69.1989,33.4478,262.39,99,94,2.1,RU,1711757385
185,aasiaat,68.7098,-52.8699,254.83,94,47,2.52,GL,1711757385
186,calama,-22.4667,-68.9333,290.7,49,7,3.89,CL,1711757229
187,yaren,-0.5472,166.916,301.57,81,83,6.69,NR,1711757387
188,bolotnoye,55.6717,84.3981,273.97,90,51,2.96,RU,1711757388
189,carnarvon,-24.8667,113.6333,298.34,49,36,6.78,AU,1711757388
190,nouadhibou,20.931,-17.0347,291.14,82,0,8.23,MR,1711757389
191,yadrin,55.9405,46.2062,275.78,97,96,4.31,RU,1711757390
192,cuajinicuilapa,16.4667,-98.4167,302.28,44,78,3.18,MX,1711757391
193,gaspe,48.8334,-64.4819,274.05,99,100,3.26,CA,1711757392
194,pirane,-25.7324,-59.1088,302.82,43,59,2.06,AR,1711757393
195,anadyr,64.75,177.4833,257.43,71,0,6.0,RU,1711757394
196,notodden,59.5594,9.2585,278.15,91,90,0.49,NO,1711757394
197,tazovsky,67.4667,78.7,255.27,99,81,4.07,RU,1711757395
198,vilhena,-12.7406,-60.1458,294.32,98,74,1.33,BR,1711757387
199,ballina,-28.8667,153.5667,298.03,70,59,4.37,AU,1711757397
200,inarajan village,13.2736,144.7484,303.7,85,78,6.84,GU,1711757397
201,wangaratta,-36.3667,146.3333,297.85,55,19,0.84,AU,1711757398
202,hotan,37.0997,79.9269,286.15,26,58,0.17,CN,1711757399
203,wailua homesteads,22.0669,-159.378,299.39,71,75,7.2,US,1711757400
204,swift current,50.2834,-107.8014,272.28,50,77,5.99,CA,1711757396
205,hauterive,46.0901,3.4459,280.57,58,100,4.48,FR,1711757402
206,hawaiian paradise park,19.5933,-154.9731,298.88,81,100,6.17,US,1711757402
207,qaqortoq,60.7167,-46.0333,265.13,84,2,2.39,GL,1711757403
208,thenzawl,23.3167,92.75,290.56,85,71,0.92,IN,1711757404
209,fort mcmurray,56.7268,-111.381,269.88,54,100,3.6,CA,1711757211
210,abeche,13.8292,20.8324,303.0,10,15,7.75,TD,1711757406
211,puerto lopez,4.0845,-72.956,300.78,73,98,2.36,CO,1711757406
212,gadzhiyevo,69.2551,33.3362,261.62,99,96,1.91,RU,1711757407
213,geraldton,-28.7667,114.6,287.38,94,31,2.57,AU,1711757408
214,canmore,51.0834,-115.3521,266.38,87,100,2.62,CA,1711757308
215,pisco,-13.7,-76.2167,296.18,88,0,8.75,PE,1711757113
216,kiunga,-6.1219,141.2906,298.92,91,99,0.77,PG,1711757411
217,carrigaline,51.8117,-8.3986,277.01,93,20,2.06,IE,1711757321
218,guercif,34.2257,-3.3536,286.04,57,51,4.62,MA,1711757413
219,milledgeville,33.0801,-83.2321,292.23,41,0,0.0,US,1711757385
220,ifrane,33.3333,-5.25,273.76,95,95,11.93,MA,1711757415
221,betio village,1.358,172.9211,304.17,82,62,7.47,KI,1711757416
222,sievi,63.9,24.5,273.68,98,100,3.76,FI,1711757418
223,burntisland,56.0625,-3.2318,279.69,91,0,0.51,GB,1711757419
224,jamestown,42.097,-79.2353,275.92,64,40,4.63,US,1711757167
225,flying fish cove,-10.4217,105.6791,299.97,89,100,4.12,CX,1711757421
226,sao vicente,-23.9631,-46.3919,300.25,26,48,0.95,BR,1711756921
227,enewetak,11.3474,162.3373,300.29,78,100,8.75,MH,1711757422
228,borogontsy,62.6683,131.1683,252.05,92,67,3.0,RU,1711757423
229,dudinka,69.4058,86.1778,261.86,94,100,7.15,RU,1711757409
230,gao,16.6362,1.637,304.01,14,6,4.23,ML,1711757425
231,pagar alam,-4.0167,103.2667,294.93,97,100,0.45,ID,1711757426
232,port macquarie,-31.4333,152.9167,295.53,77,80,0.91,AU,1711757427
233,acapulco de juarez,16.8634,-99.8901,299.05,78,20,7.2,MX,1711757340
234,mankono,8.0586,-6.1897,300.55,67,89,4.23,CI,1711757428
235,divrigi,39.371,38.1137,282.18,85,30,1.75,TR,1711757429
236,massakory,12.996,15.7293,305.22,8,18,6.07,TD,1711757430
237,hithadhoo,-0.6,73.0833,302.36,71,98,3.18,MV,1711757430
238,nevel'sk,46.6733,141.8633,274.63,93,100,7.7,RU,1711757204
239,berezovyy,51.6667,135.7,274.13,88,100,1.04,RU,1711757432
240,kuta,-8.7233,115.1723,301.12,94,20,1.54,ID,1711757433
241,greenville,35.6127,-77.3663,291.17,51,0,2.57,US,1711757271
242,sona,45.4388,10.8255,287.18,94,0,2.06,IT,1711757434
243,inskoy,54.4297,86.44,274.51,90,62,3.72,RU,1711757436
244,holualoa,19.6228,-155.9522,298.06,84,100,5.66,US,1711757437
245,pavlodar,52.3,76.95,277.04,93,40,5.0,KZ,1711757239
246,olinda,-8.0089,-34.8553,301.19,78,52,5.73,BR,1711757389
247,xinji,37.9028,115.2036,287.28,27,7,4.53,CN,1711757439
248,tsumeb,-19.2333,17.7167,292.72,78,91,1.89,NA,1711757440
249,carauari,-4.8828,-66.8958,298.34,93,100,1.12,BR,1711757441
250,trujillo,-8.116,-79.03,295.13,88,81,4.63,PE,1711757194
251,halifax,44.6453,-63.5724,283.09,97,100,4.47,CA,1711757375
252,tabou,4.423,-7.3528,300.42,90,93,2.1,CI,1711757444
253,kalevala,65.2,31.1667,269.31,89,95,4.02,RU,1711757444
254,port lincoln,-34.7333,135.8667,294.05,56,0,2.6,AU,1711757445
255,laguna,38.421,-121.4238,284.94,73,100,5.66,US,1711756932
256,callao,-12.0667,-77.15,295.31,83,40,6.69,PE,1711757186
257,vila franca do campo,37.7167,-25.4333,288.38,84,100,9.19,PT,1711757447
258,warmbad,-28.45,18.7333,299.94,28,9,4.8,NA,1711757448
259,lebu,-37.6167,-73.65,286.31,79,22,8.95,CL,1711757449
260,cabo san lucas,22.8909,-109.9124,300.32,36,0,5.14,MX,1711757191
261,saint-francois,46.4154,3.9054,280.84,100,0,2.57,FR,1711757450
262,kyaikkami,16.08,97.5675,300.64,62,0,0.96,MM,1711757451
263,las tablas,7.7667,-80.2833,298.8,99,100,9.6,PA,1711757452
264,santa terezinha,-29.9002,-50.0904,294.38,89,74,3.37,BR,1711757453
265,gobabis,-22.45,18.9667,293.66,62,75,3.79,NA,1711757453
266,kota kinabalu,5.9749,116.0724,300.14,83,20,1.54,MY,1711757309
267,arkhangel'sk,64.5401,40.5433,272.21,80,40,3.0,RU,1711757455
268,salima,-13.7804,34.4587,294.37,90,71,2.06,MW,1711757456
269,namibe,-15.1961,12.1522,297.68,78,98,1.75,AO,1711757457
270,kolonia,50.9333,6.95,283.69,87,40,2.06,DE,1711757457
271,novyy urgal,51.0736,132.5642,269.52,83,50,0.15,RU,1711757458
272,vicuna mackenna,-33.9197,-64.3922,296.98,50,2,4.81,AR,1711757389
273,biswan,27.5,81.0,298.74,38,84,0.78,IN,1711757460
274,turkmenbasy,40.0222,52.9552,284.92,49,8,3.96,TM,1711757461
275,port mathurin,-19.6833,63.4167,299.73,85,99,6.07,MU,1711757462
276,longyearbyen,78.2186,15.6401,255.06,71,75,5.14,SJ,1711757464
277,san julian,21.0167,-102.1667,299.4,10,6,6.76,MX,1711757465
278,aksu,41.1231,80.2644,287.75,23,83,2.28,CN,1711757465
279,massawa,15.6097,39.45,301.74,75,34,1.23,ER,1711757466
280,andovoranto,-18.95,49.1,295.93,94,37,1.44,MG,1711757467
281,taltal,-25.4,-70.4833,293.81,78,23,1.97,CL,1711757421
282,bandarbeyla,9.4942,50.8122,299.38,72,24,4.53,SO,1711757469
283,kirakira,-10.4544,161.9205,302.62,77,100,3.47,SB,1711757470
284,najran,17.4924,44.1277,292.51,45,1,1.94,SA,1711757471
285,kapuskasing,49.4169,-82.4331,268.98,86,100,2.51,CA,1711757462
286,colonia,50.9333,6.95,283.69,87,40,2.06,DE,1711757457
287,kelibia,36.8476,11.0939,289.56,75,10,9.03,TN,1711757473
288,marrakesh,31.6315,-8.0083,286.19,67,40,5.66,MA,1711757400
289,kodiak,57.79,-152.4072,280.88,61,100,2.57,US,1711757474
290,eyl,7.9803,49.8164,299.58,71,67,5.57,SO,1711757475
291,swakopmund,-22.6833,14.5333,286.47,89,15,1.86,NA,1711757476
292,mananjary,-21.2167,48.3333,296.15,93,10,1.33,MG,1711757477
293,atafu village,-8.5421,-172.5159,302.63,74,97,4.03,TK,1711757477
294,suva,-18.1416,178.4415,298.1,90,100,1.41,FJ,1711757306
295,susuman,62.7833,148.1667,264.25,90,100,3.13,RU,1711757479
296,linhares,-19.3911,-40.0722,297.26,96,94,1.15,BR,1711757286
297,porto novo,6.4965,2.6036,301.7,84,100,5.08,BJ,1711757374
298,hluti,-27.2167,31.6167,291.28,95,96,1.07,SZ,1711757481
299,lintong,34.378,109.2089,291.03,60,100,0.76,CN,1711757482
300,donghai,22.9459,115.642,297.56,78,73,1.6,CN,1711757389
301,sumbe,-11.2061,13.8437,300.28,86,100,1.73,AO,1711757484
302,den burg,53.0542,4.7972,283.68,80,100,4.12,NL,1711757485
303,istgah-e rah ahan-e garmsar,35.2346,52.3094,285.32,28,0,0.89,IR,1711757486
304,santa marta,11.2408,-74.199,301.98,67,59,8.49,CO,1711757461
305,peterhead,57.5058,-1.7981,277.84,90,35,4.42,GB,1711757488
306,haugesund,59.4138,5.268,280.29,93,100,6.69,NO,1711757490
307,wytheville,36.9484,-81.0848,287.52,41,10,0.45,US,1711757491
308,la'ie,21.6477,-157.9253,302.13,71,2,3.13,US,1711757491
309,aldinga beach,-35.2793,138.4604,303.77,36,18,1.08,AU,1711757492
310,sandnessjoen,66.0217,12.6316,274.44,77,100,6.8,NO,1711757493
311,sikasso,10.9167,-7.0,306.36,32,57,1.34,ML,1711757494
312,arkalyk,50.2486,66.9114,268.82,94,100,4.71,KZ,1711757495
313,gbongan,7.4667,4.35,299.11,87,93,2.07,NG,1711757495
314,morondava,-20.2833,44.2833,297.76,85,13,2.36,MG,1711757496
315,grosuplje,45.9556,14.6589,283.99,86,76,1.39,SI,1711757497
316,klyuchi,52.2667,79.1667,278.45,85,94,5.37,RU,1711757498
317,cooper's town,26.8667,-77.5167,294.57,54,0,6.02,BS,1711757498
318,enkhuizen,52.7,5.2833,284.82,83,100,1.79,NL,1711757499
319,kruisfontein,-34.0033,24.7314,291.42,84,69,2.37,ZA,1711757500
320,glace bay,46.1969,-59.957,285.81,99,100,9.77,CA,1711757501
321,zhanaozen,43.3,52.8,278.56,48,14,3.64,KZ,1711757502
322,gumdag,39.2061,54.5906,285.11,38,4,4.27,TM,1711757503
323,orekhovo-zuyevo,55.8108,38.9719,274.86,100,100,1.75,RU,1711757503
324,summerside,46.3959,-63.7876,286.86,99,100,6.71,CA,1711757504
325,cabedelo,-6.9811,-34.8339,300.49,85,100,5.17,BR,1711757505
326,mugia,43.1041,-9.2179,281.43,76,69,3.26,ES,1711757506
327,carbonear,47.7332,-53.2148,283.01,100,100,4.25,CA,1711757506
328,bongouanou,6.6486,-4.1992,295.84,97,100,1.18,CI,1711757507
329,petropavlovsk-kamchatsky,53.0452,158.6483,271.48,77,0,0.45,RU,1711757240
330,flin flon,54.7682,-101.865,269.14,96,100,2.95,CA,1711757509
331,mata-utu,-13.2816,-176.1745,302.53,73,58,3.47,WF,1711757510
332,whangarei,-35.7317,174.3239,291.93,38,0,5.02,NZ,1711757290
333,umba,66.6871,34.3429,260.95,95,16,2.62,RU,1711757512
334,pilar,-9.5972,-35.9567,300.11,85,49,1.55,BR,1711757002
335,vernon,50.2581,-119.2691,284.04,63,86,1.34,CA,1711757513
336,qarah bagh,34.9402,61.7759,277.22,91,99,1.81,AF,1711757514
337,manaure,11.7751,-72.4445,299.23,69,99,6.71,CO,1711757515
338,lata,40.1629,-8.3327,282.64,97,100,1.69,PT,1711757516
339,palmer,42.1584,-72.3287,279.61,51,75,6.69,US,1711757517
340,walvis bay,-22.9575,14.5053,286.53,89,5,2.25,NA,1711757518
341,weno,7.4515,151.8468,303.12,74,75,4.63,FM,1711757519
342,keetmanshoop,-26.5833,18.1333,298.57,28,4,2.36,NA,1711757520
343,hildburghausen,50.4255,10.7318,281.24,89,100,1.6,DE,1711757521
344,puerto aysen,-45.4,-72.7,278.66,99,90,2.39,CL,1711757233
345,watsa,3.0372,29.5355,293.34,68,52,1.37,CD,1711757522
346,port pirie,-33.1833,138.0167,301.2,36,11,0.81,AU,1711757523
347,crane,31.3974,-102.3501,301.56,10,98,6.08,US,1711757524
348,sao joao da barra,-21.6403,-41.0511,298.36,92,100,4.48,BR,1711757525
349,kailua-kona,19.6406,-155.9956,300.13,84,100,5.66,US,1711757526
350,port moresby,-9.4431,147.1797,302.4,74,89,1.17,PG,1711757526
351,llanes,43.4198,-4.7549,282.88,78,71,3.28,ES,1711757527
352,afaahiti,-17.75,-149.2833,304.08,76,96,7.55,PF,1711757528
353,nadym,65.5333,72.5167,257.63,95,79,2.78,RU,1711757529
354,lodja,-3.4833,23.4333,295.13,95,98,0.49,CD,1711757530
355,bandar,2.05,99.75,296.9,97,99,1.16,ID,1711757531
356,portage la prairie,49.9728,-98.2926,272.65,63,100,3.93,CA,1711757531
357,beloyarskiy,63.7119,66.6722,265.37,94,99,4.02,RU,1711757532
358,dzuunmod,48.2199,97.3744,270.44,62,71,2.74,MN,1711757533
359,al kharijah,25.4514,30.5464,292.27,46,0,3.43,EG,1711757534
360,bibiani,6.4635,-2.3194,295.6,97,100,1.3,GH,1711757535
361,luanda,-8.8368,13.2343,299.15,89,75,1.54,AO,1711756982
362,suntar,62.1444,117.6319,252.36,100,100,0.19,RU,1711757536
363,barra de santo antonio,-9.4047,-35.5072,300.59,79,51,3.7,BR,1711757537
364,ziniare,12.5822,-1.2983,306.41,15,8,2.32,BF,1711757538
365,yesan,36.6776,126.8427,280.98,47,34,0.21,KR,1711757362
366,westport,41.1415,-73.3579,280.26,48,0,7.72,US,1711757499
367,tromso,69.6496,18.957,269.16,58,68,0.0,NO,1711757518
368,khanty-mansiysk,61.0042,69.0019,259.21,78,0,2.0,RU,1711757541
369,arraial do cabo,-22.9661,-42.0278,297.76,90,100,7.03,BR,1711757490
370,vimmerby,57.6659,15.8552,279.23,89,100,2.22,SE,1711757543
371,watford city,47.8022,-103.2832,274.07,93,100,5.66,US,1711757544
372,anar darah,32.7587,61.654,281.51,57,0,9.46,AF,1711757545
373,tondano,1.3038,124.9112,297.2,81,76,1.69,ID,1711757546
374,gerash,27.6652,54.1371,290.12,48,6,1.48,IR,1711757547
375,gagnoa,6.1293,-5.9437,296.15,96,100,1.87,CI,1711757548
376,sao jose da coroa grande,-8.8978,-35.1478,301.35,74,97,4.91,BR,1711757549
377,baardheere,2.3446,42.2764,300.53,69,82,4.82,SO,1711757549
378,wyndmoor,40.0812,-75.1893,284.59,42,0,9.77,US,1711757550
379,okhotsk,59.3833,143.3,270.51,91,100,9.41,RU,1711757307
380,valparaiso,-33.0393,-71.6273,291.48,65,100,3.6,CL,1711757182
381,aykhal,66.0,111.5,252.18,98,91,4.58,RU,1711757552
382,isfahan,32.6572,51.6776,273.95,28,2,2.43,IR,1711757554
383,sittwe,20.15,92.9,296.94,89,41,2.04,MM,1711757555
384,lengshuitan,26.4111,111.5956,295.14,81,31,2.41,CN,1711757556
385,guarapari,-20.6667,-40.4975,300.31,93,100,1.95,BR,1711757389
386,howrah,22.5892,88.3103,301.15,89,40,1.54,IN,1711757558
387,taoudenni,22.6783,-3.9836,298.85,14,48,3.92,ML,1711757559
388,swainsboro,32.5974,-82.3337,289.09,42,0,1.79,US,1711757559
389,malango,-2.9627,119.9001,296.19,88,74,0.18,ID,1711757560
390,pirapora do bom jesus,-23.3969,-47.0022,296.14,97,100,1.57,BR,1711757561
391,jerome,42.7241,-114.5186,284.08,39,100,3.6,US,1711757562
392,ternate,0.8,127.4,300.98,80,38,2.73,ID,1711757427
393,ortona,42.3496,14.4039,286.57,66,82,2.99,IT,1711757564
394,freetown,8.484,-13.2299,299.02,74,96,3.48,SL,1711757565
395,port blair,11.6667,92.75,300.3,61,96,2.18,IN,1711757565
396,tame,6.461,-71.73,302.92,52,97,2.63,CO,1711757566
397,floro,61.5996,5.0328,280.19,76,100,8.23,NO,1711757567
398,vadso,70.0744,29.7487,268.24,80,16,5.14,NO,1711757567
399,muisne,0.6,-80.0333,299.14,85,87,1.34,EC,1711757568
400,aswan,24.0934,32.907,295.03,37,0,4.96,EG,1711757569
401,lompoc,34.6391,-120.4579,285.38,85,100,8.75,US,1711757492
402,waingapu,-9.6567,120.2641,300.3,78,94,1.32,ID,1711757570
403,labrador city,52.9463,-66.9114,274.36,94,100,4.23,CA,1711757571
404,phan thiet,10.9333,108.1,300.24,73,97,3.14,VN,1711757572
405,rundu,-17.9333,19.7667,293.42,83,100,1.22,NA,1711757572
406,ugoofaaru,5.6667,73.0,302.07,75,15,3.96,MV,1711757573
407,kununurra,-15.7667,128.7333,303.14,79,40,2.06,AU,1711757574
408,tsiombe,-25.3,45.4833,295.17,93,100,1.13,MG,1711757574
409,kujang-up,39.8672,126.0303,276.47,82,92,1.54,KP,1711757575
410,tolanaro,-25.0319,46.9987,295.57,94,93,3.79,MG,1711757576
411,kerikeri,-35.2268,173.9474,294.77,52,1,0.89,NZ,1711757459
412,libertad,8.9442,125.5019,300.39,77,23,2.81,PH,1711757577
413,byron bay,-28.65,153.6167,297.99,70,76,4.68,AU,1711757578
414,praya,14.9215,-23.5087,295.45,64,75,8.23,CV,1711757579
415,wau,7.7029,27.9953,303.42,26,98,0.52,SS,1711757579
416,robore,-18.3333,-59.75,298.25,80,82,1.04,BO,1711757580
417,kuragino,53.8975,92.6725,275.24,98,62,1.77,RU,1711757581
418,bamboo flat,11.7,92.7167,300.21,60,94,1.98,IN,1711757582
419,pingliang,35.5392,106.6861,286.07,31,100,1.15,CN,1711757583
420,krasnyy chikoy,50.3643,108.7512,263.24,67,18,0.98,RU,1711757544
421,al 'aziziyah,32.9058,45.0616,292.83,38,48,4.34,IQ,1711757585
422,ta`u,-14.2336,-169.5144,301.99,77,83,3.7,AS,1711757586
423,torghay,49.6339,63.4981,270.16,87,100,5.77,KZ,1711757587
424,lobito,-12.3481,13.5456,300.15,86,100,0.86,AO,1711757574
425,shingu,33.7333,135.9833,291.9,57,0,1.84,JP,1711757588
426,hulan ergi,47.2042,123.6333,271.63,51,22,8.06,CN,1711757590
427,nar'yan-mar,67.6713,53.087,255.99,95,93,5.36,RU,1711757590
428,tobruk,32.0836,23.9764,288.76,85,21,1.88,LY,1711757592
429,la passe,45.5549,-0.8967,281.47,95,100,4.22,FR,1711757593
430,holly springs,35.6513,-78.8336,291.16,45,72,3.04,US,1711757345
431,yemanzhelinsk,54.7547,61.3208,267.19,91,38,3.7,RU,1711757594
432,nkhotakota,-12.9274,34.2961,296.06,84,88,2.85,MW,1711757595
433,paita,-5.0892,-81.1144,296.03,79,54,5.81,PE,1711757595
434,kristiansund,63.1115,7.732,280.51,65,75,3.6,NO,1711757596
435,sao felix do xingu,-6.6447,-51.995,296.79,99,91,1.16,BR,1711757597
436,puerto baquerizo moreno,-0.9,-89.6,298.96,79,52,3.34,EC,1711757410
437,tuban,-6.8976,112.0649,299.93,87,15,2.79,ID,1711757598
438,sitangkai,4.6628,119.3928,301.52,78,32,5.26,PH,1711757598
439,karlskrona,56.1616,15.5866,278.4,98,85,2.66,SE,1711757599
440,kasoa,5.533,-0.4224,301.22,83,86,4.44,GH,1711757600
441,east ballina,-28.8667,153.5833,298.04,70,60,4.59,AU,1711757601
442,puerto san jose,13.9256,-90.8244,303.18,64,20,2.06,GT,1711757342
443,aqsay,51.1678,52.995,263.73,98,81,2.12,KZ,1711757602
444,guara,-20.4283,-47.8242,295.22,92,72,1.03,BR,1711757603
445,vilyuchinsk,52.9306,158.4028,272.3,78,9,0.85,RU,1711757603
446,lukhovitsy,54.9728,39.0361,274.97,78,100,2.44,RU,1711757604
447,kota belud,6.351,116.4305,301.88,66,30,0.93,MY,1711757455
448,iringa,-7.7667,35.7,288.76,95,98,1.65,TZ,1711757606
449,haiku-pauwela,20.9219,-156.3051,300.49,66,20,11.83,US,1711757608
450,umluj,25.0213,37.2685,296.82,74,0,3.4,SA,1711757609
451,la sarre,48.8002,-79.1996,269.62,82,100,3.37,CA,1711757527
452,trumann,35.6737,-90.5073,294.21,65,83,5.53,US,1711757610
453,sola,-13.8833,167.55,300.71,74,100,2.41,VU,1711757611
454,sidhi,24.4167,81.8833,299.07,38,61,1.42,IN,1711757612
455,thunder bay,48.4001,-89.3168,272.43,89,100,1.58,CA,1711757583
456,kalmunai,7.4167,81.8167,298.03,84,46,0.96,LK,1711757363
457,trail,49.0998,-117.7022,281.2,76,97,0.95,CA,1711757614
458,san patricio,28.017,-97.5169,296.57,67,18,8.43,US,1711757615
459,st. john's,47.5649,-52.7093,282.75,93,100,4.2,CA,1711757479
460,happy valley-goose bay,53.3168,-60.3315,274.32,93,100,7.72,CA,1711757616
461,zag,46.9441,99.165,263.3,79,92,1.67,MN,1711757617
462,takoradi,4.8845,-1.7554,301.1,86,100,4.6,GH,1711757617
463,broken hill,-31.95,141.4333,299.26,60,1,1.53,AU,1711757618
464,holbrook,40.8123,-73.0784,280.22,51,20,11.32,US,1711757596
465,tyumentsevo,53.3224,81.498,276.14,87,89,5.42,RU,1711757620
466,fisterra,42.9049,-9.2629,281.34,76,75,3.14,ES,1711757620
467,arvayheer,46.2639,102.775,275.18,36,100,2.02,MN,1711757621
468,delijan,33.9905,50.6838,283.31,32,0,0.99,IR,1711757622
469,yarrawonga,-36.0167,146.0,297.87,35,15,2.25,AU,1711757622
470,lukolela,-1.0605,17.1821,297.12,91,47,1.75,CD,1711757623
471,mgandu,-5.95,34.1333,289.72,96,31,1.42,TZ,1711757624
472,nallihan,40.1859,31.3518,286.2,75,2,1.4,TR,1711757624
473,jitra,6.2681,100.4217,300.36,91,100,1.35,MY,1711757625
474,xai-xai,-25.0519,33.6442,296.23,86,30,4.87,MZ,1711757626
475,ciudad bolivar,8.1222,-63.5497,307.31,29,100,2.91,VE,1711757627
476,selebi-phikwe,-21.979,27.8498,294.09,57,23,6.32,BW,1711757628
477,guasdualito,7.2424,-70.7324,304.29,45,97,1.81,VE,1711757629
478,boende,-0.2167,20.8667,297.26,74,39,0.9,CD,1711757630
479,sabang,5.8933,95.3214,300.78,75,91,1.65,ID,1711757630
480,karabuk,41.2049,32.6277,285.9,80,6,1.02,TR,1711757631
481,birzebbuga,35.8258,14.5269,288.53,82,2,7.72,MT,1711757632
482,mpraeso,6.5932,-0.7346,297.22,92,94,2.67,GH,1711757633
483,del rio,29.3627,-100.8968,302.37,35,0,8.49,US,1711757634
484,kenai,60.5544,-151.2583,277.2,65,100,7.2,US,1711757634
485,coxim,-18.5067,-54.76,298.15,86,56,0.99,BR,1711757635
486,tulchyn,48.6745,28.8464,281.34,64,50,2.97,UA,1711757636
487,crookston,47.7741,-96.6081,273.21,86,100,2.57,US,1711757637
488,ciudad melchor muzquiz,27.8833,-101.5167,301.69,32,89,5.31,MX,1711757387
489,clodomira,-27.5744,-64.1311,302.37,45,31,2.48,AR,1711757638
490,alofi,-19.0595,-169.9187,301.09,83,75,4.63,NU,1711757639
491,hasaki,35.7333,140.8333,292.37,56,0,4.47,JP,1711757640
492,yeppoon,-23.1333,150.7333,299.03,71,65,6.28,AU,1711757640
493,samus',56.7475,84.6992,275.43,95,85,2.97,RU,1711757641
494,ornskoldsvik,63.2909,18.7153,272.68,100,100,4.12,SE,1711757474
495,qorovulbozor,39.5006,64.7936,277.99,45,100,3.67,UZ,1711757642
496,nikolayevsk-on-amure,53.1406,140.73,274.25,92,100,3.12,RU,1711757643
497,berdigestyakh,62.0989,126.6992,251.61,86,30,4.15,RU,1711757644
498,dera bugti,29.0307,69.151,295.43,44,0,1.84,PK,1711757644
499,popayan,2.4382,-76.6132,290.11,96,78,1.0,CO,1711757522
500,willmar,45.1219,-95.0433,277.25,65,100,4.12,US,1711757646
501,boden,65.8252,21.6886,271.15,96,100,4.08,SE,1711757647
502,hambergen,53.3167,8.8333,284.12,87,99,2.59,DE,1711757647
503,qingnian,36.8456,115.7117,288.38,26,34,6.54,CN,1711757648
504,targu secuiesc,46.0,26.1333,282.36,64,96,0.88,RO,1711757649
505,timaru,-44.4,171.25,287.63,86,13,4.02,NZ,1711757649
506,muntok,-2.0667,105.1833,299.73,85,88,2.19,ID,1711757650
507,guerrero negro,27.9769,-114.0611,291.4,64,97,7.58,MX,1711757651
508,hakkari,37.5833,44.1667,268.03,93,75,1.03,TR,1711757652
509,saint-pierre,-21.3393,55.4781,297.97,78,0,1.03,RE,1711757653
510,abdulino,53.7,53.6667,261.94,100,89,1.52,RU,1711757653
511,armacao de buzios,-22.7469,-41.8817,297.4,93,100,5.77,BR,1711757426
512,pariaman,-0.619,100.12,299.18,89,99,1.73,ID,1711757655
513,heihe,50.2441,127.4902,272.84,61,100,6.35,CN,1711757656
514,libona,8.3389,124.7353,299.83,53,6,0.41,PH,1711757658
515,mar del plata,-38.0023,-57.5575,297.56,69,8,7.6,AR,1711757658
516,kone,-21.0595,164.8658,300.82,49,0,3.74,NC,1711757503
517,grand falls-windsor,48.9332,-55.6649,276.76,94,100,1.13,CA,1711757660
518,ad dabbah,18.05,30.95,299.19,15,34,6.92,SD,1711757661
519,cullowhee,35.3137,-83.1765,287.98,35,0,1.16,US,1711757661
520,san antonio de pale,-1.4014,5.6325,301.24,81,99,4.82,GQ,1711757662
521,yanchep,-31.55,115.6833,293.68,84,62,1.82,AU,1711757663
522,sinop,41.7711,34.8709,284.44,76,3,1.26,TR,1711757401
523,rakops,-21.0167,24.3333,297.98,43,84,4.53,BW,1711757664
524,inhambane,-23.865,35.3833,295.64,84,5,2.77,MZ,1711757665
525,nova vicosa,-17.8919,-39.3719,299.53,88,67,3.18,BR,1711757406
526,minas de marcona,-15.2119,-75.1103,292.42,83,22,5.5,PE,1711757666
527,ormara,25.2088,64.6357,296.27,67,0,5.21,PK,1711757667
528,martinsicuro,42.8811,13.9145,290.44,72,99,1.69,IT,1711757669
529,ust'-ilimsk,58.0006,102.6619,261.73,81,100,3.84,RU,1711757669
530,touba,8.2833,-7.6833,299.68,67,61,1.78,CI,1711757670
531,calvi,42.5,8.8333,283.5,58,0,1.54,FR,1711757671
532,igarka,67.4667,86.5833,267.07,94,100,10.97,RU,1711757672
533,terrace,54.5163,-128.6035,287.16,37,0,0.65,CA,1711757559
534,port augusta,-32.5,137.7667,301.08,42,7,4.07,AU,1711757673
535,ezine,39.7856,26.3408,287.74,79,48,1.62,TR,1711757674
536,hilo,19.7297,-155.09,299.0,80,100,6.17,US,1711757675
537,wainwright,52.839,-110.8572,270.6,37,93,4.53,CA,1711757676
538,key largo,25.0865,-80.4473,295.93,52,2,7.94,US,1711757669
539,anton lizardo,19.05,-95.9833,298.27,66,9,7.03,MX,1711757677
540,bikenibeu village,1.3673,173.1241,304.13,79,20,4.12,KI,1711757678
541,maputo,-25.9653,32.5892,294.48,88,42,3.93,MZ,1711757679
542,pangody,65.85,74.4859,253.23,100,87,2.18,RU,1711757578
543,misratah,32.3754,15.0925,290.92,70,0,10.01,LY,1711757681
544,dongxing,45.3667,130.8,271.84,58,87,7.1,CN,1711757681
545,nogliki,51.8333,143.1667,272.78,90,100,5.36,RU,1711757682
546,carutapera,-1.195,-46.02,298.17,95,96,2.41,BR,1711757683
547,monrovia,6.3005,-10.7969,299.02,90,88,2.33,LR,1711757683
548,bosansko grahovo,44.1794,16.3639,282.39,77,97,3.11,BA,1711757684
549,altai,46.3722,96.2583,274.92,41,60,1.96,MN,1711757685
550,novodvinsk,64.4165,40.8122,272.01,97,97,2.86,RU,1711757686
551,andergrove,-21.0833,149.1833,300.18,61,75,8.1,AU,1711757687
552,warwick,41.7001,-71.4162,282.12,50,40,10.29,US,1711756940
553,puerto armuelles,8.2833,-82.8667,303.2,62,89,4.47,PA,1711757688
554,okha,53.5739,142.9478,273.18,98,100,10.49,RU,1711757689
555,kitimat,54.0524,-128.6534,287.42,34,0,0.89,CA,1711757690
556,al bawiti,28.3492,28.8659,289.57,69,0,3.82,EG,1711757691
557,prokop'yevsk,53.9059,86.719,273.96,88,75,2.79,RU,1711757691
558,akureyri,65.6835,-18.0878,270.27,97,100,3.23,IS,1711757692
559,meadow lake,34.8014,-106.5436,295.28,13,43,8.85,US,1711757693
560,deqen,29.9618,90.7188,274.23,25,71,2.29,CN,1711757693
561,olyokminsk,60.3736,120.4264,255.64,94,88,1.32,RU,1711757694
562,wiwili,13.6268,-85.8254,300.56,62,75,2.76,NI,1711757695
563,aras-asan,8.8908,126.3033,299.5,76,25,1.44,PH,1711757696
564,egilsstadir,65.2653,-14.3948,271.65,95,100,10.65,IS,1711757696
565,sulak,43.2734,47.5146,284.33,87,100,6.34,RU,1711757697
566,christchurch,-43.5333,172.6333,289.77,71,100,5.14,NZ,1711757425
567,kimbe,-5.5502,150.1429,302.36,75,99,1.91,PG,1711757699
568,zemio,5.0314,25.1361,301.09,40,100,0.36,CF,1711757699
569,mytilene,39.11,26.5547,286.6,76,30,1.46,GR,1711757700
570,cole harbour,44.6724,-63.4751,282.81,96,100,4.47,CA,1711757701
571,keflavik,64.0049,-22.5624,272.39,69,20,8.75,IS,1711757702
572,castillos,-34.1667,-53.8333,293.31,94,33,2.14,UY,1711757703
573,keren,15.7778,38.4581,295.29,57,65,1.43,ER,1711757704
574,shizunai-furukawacho,42.3339,142.3669,279.2,80,67,8.47,JP,1711757495
575,talakan,50.3167,130.3667,271.01,68,56,0.99,RU,1711757706
576,meulaboh,4.1363,96.1285,298.39,89,99,0.85,ID,1711757706
577,gebeit,21.0667,36.3167,295.42,55,83,2.08,SD,1711757707
578,antofagasta,-23.65,-70.4,293.46,82,24,2.2,CL,1711757541
579,gharghoda,22.1667,83.35,299.89,33,17,1.47,IN,1711757709
580,abepura,-2.6333,140.5833,302.6,74,20,1.03,ID,1711757710
581,mana,5.6592,-53.7767,297.95,91,100,6.27,GF,1711757710
582,beyneu,45.3167,55.2,276.79,64,1,2.22,KZ,1711757711
583,luderitz,-26.6481,15.1594,289.28,86,4,2.09,NA,1711757712
584,bel ombre,-4.6167,55.4167,301.58,76,37,3.06,SC,1711757713
585,opuwo,-18.0607,13.84,294.69,72,100,2.33,NA,1711757713
586,strathmore,51.0501,-113.3852,269.46,71,100,2.73,CA,1711757696
587,kapa'a,22.0752,-159.319,300.14,71,75,7.2,US,1711757715
588,richards bay,-28.783,32.0377,293.52,93,46,2.41,ZA,1711757716
589,hell-ville,-13.4,48.2667,300.53,78,56,2.32,MG,1711757716
590,belmonte,-15.8631,-38.8828,299.76,85,51,1.91,BR,1711757718
591,malanje,-9.5402,16.341,291.92,98,98,0.42,AO,1711757719
592,milagros,12.2181,123.5095,300.88,65,41,5.38,PH,1711757719
593,callaway,30.153,-85.5699,291.43,59,0,3.6,US,1711757720
594,siquirres,10.0975,-83.5066,297.13,85,86,0.79,CR,1711757721
595,serenje,-13.2325,30.2352,290.03,88,75,1.85,ZM,1711757722
596,kalulushi,-12.8378,28.0919,290.38,94,74,1.78,ZM,1711757650
597,sidi okba,34.7451,5.8983,293.54,13,0,5.17,DZ,1711757598
598,nizhneudinsk,54.9076,99.0276,270.67,96,100,1.45,RU,1711757724
599,panacan,9.2463,118.4082,301.7,71,59,1.88,PH,1711757725
